file_name,folder_name
243 - Winning Strategies for B2B SaaS Companies - BCG - www.bcg.com.txt,Marketing and Public Communication
244 - Global Search Engine Decision on The Future of Third-Party Cookies - BCG - www.bcg.com.txt,Marketing and Public Communication
personalization-in-action.txt,Marketing and Public Communication
242 - Loyalty Programs and Customer Expectations Are Growing - BCG - www.bcg.com.txt,Marketing and Public Communication
245 - GenAI’s Influence on Future Creativity in Marketing - BCG - www.bcg.com.txt,Marketing and Public Communication
what-consumers-want-from-personalization.txt,Marketing and Public Communication
the-blueprint-for-ai-powered-marketing.txt,Marketing and Public Communication
ar2023.txt,Annual Reports
ar2022.txt,Annual Reports
uobar2018.txt,Annual Reports
Annual_ReportDec2015.txt,Annual Reports
ar2021.txt,Annual Reports
uobar2019.txt,Annual Reports
uobar2020.txt,Annual Reports
Annual-Report2017.txt,Annual Reports
pwc-iar-2023.txt,Annual Reports
DBS_AR21_LR.txt,Annual Reports
DBS Annual Report 2023.txt,Annual Reports
2022-annual-report-en.txt,Annual Reports
UOBKH-AR2015.txt,Annual Reports
Annual-Report-2022.txt,Annual Reports
ar2016.txt,Annual Reports
annual-report-2023.txt,Annual Reports
annual-report-2021.txt,Annual Reports
annual-report-2020.txt,Annual Reports
annual-report-2018.txt,Annual Reports
UOBKH_AR14.txt,Annual Reports
annual-report-2019.txt,Annual Reports
Annual-ReportDec2016.txt,Annual Reports
uobar2017.txt,Annual Reports
2023-annual-report-en.txt,Annual Reports
selected-financial-statements-2023-en.txt,Financial Statements
Balance_sheets31Mar16.txt,Financial Statements
Balance_sheets31March15.txt,Financial Statements
Balance_sheets31Mar17.txt,Financial Statements
unaudited-condensed-interim-financial-statements-300622.txt,Financial Statements
unaudited-interim-financial-statements-310324.txt,Financial Statements
fy23 media release  financial highlights.txt,Financial Statements
liquidity-coverage-ratio-3q-2017.txt,Financial Statements
condensed-financial-statement-2q-2023-results.txt,Financial Statements
ocbc 3q24 results press release.txt,Financial Statements
gp-financial-2q-2017.txt,Financial Statements
unaudited-interim-financial-statements-310321.txt,Financial Statements
unaudited-interim-financial-statements-310320.txt,Financial Statements
interim-financial-statement-2q-2021.txt,Financial Statements
gp-financial-1q-2018.txt,Financial Statements
gp-financial-4q-2017.txt,Financial Statements
unaudited-interim-financial-statements-310322.txt,Financial Statements
selected-financial-statements-2021-en.txt,Financial Statements
balance-sheets-30june18.txt,Financial Statements
unaudited-interim-financial-statements-310323.txt,Financial Statements
gp-financial-1q-2019.txt,Financial Statements
independent-auditors-report.txt,Financial Statements
unaudited-interim-financial-statements-300619.txt,Financial Statements
unaudited-interim-financial-statements-300624.txt,Financial Statements
liquidity-coverage-ratio-2q-2017.txt,Financial Statements
net-stable-funding-ratio-disclosure-4q-2018.txt,Financial Statements
gp-financial-3q-2017.txt,Financial Statements
balance-sheets-30sep17.txt,Financial Statements
UOB Presentation - Aug 2023.txt,Financial Statements
unaudited-results-for-second-quarter-ended-30-june-2024.txt,Financial Statements
unaudited-interim-financial-statements-300623.txt,Financial Statements
condensed-financial-statement-4q-2023-results.txt,Financial Statements
liquidity-coverage-ratio-1q-2019.txt,Financial Statements
unaudited-results-for-first-quarter-ended-31-mar-2024.txt,Financial Statements
net-stable-funding-ratio-disclosure-2q-2019.txt,Financial Statements
unaudited-results-for-nine-months-ended-30-september-2024.txt,Financial Statements
unaudited-interim-financial-statements-300620.txt,Financial Statements
liquidity-coverage-ratio-4q-2017.txt,Financial Statements
acra_frsp_a4_mr-(a3).txt,Financial Statements
unaudited-interim-financial-statements-300621.txt,Financial Statements
financial-updates-1q-2020.txt,Financial Statements
net-stable-funding-ratio-disclosure-2q-2018.txt,Financial Statements
liquidity-coverage-ratio-1q-2018.txt,Financial Statements
financial-highlights.txt,Financial Statements
unaudited-interim-financial-statements-30092021.txt,Financial Statements
3. Nomura Financial Statement.txt,Financial Statements
financial-statements.txt,Financial Statements
FSDF Financial Statements 2023.txt,Financial Statements
Balance_sheets30Sept16.txt,Financial Statements
selected-fs-fy2020-en.txt,Financial Statements
liquidity-coverage-ratio-4q-2018.txt,Financial Statements
selected-financial-statements-2022-en.txt,Financial Statements
Balance_sheets30Sept15.txt,Financial Statements
unaudited-condensed-interim-financial-statements-300922.txt,Financial Statements
Balance_sheets30June16.txt,Financial Statements
Balance_sheets30June17.txt,Financial Statements
4th-frsp-report-2022-(final).txt,Financial Statements
acra-frsp-3rd-report-(2020).txt,Financial Statements
1. GAAP Financial Statements 2023.txt,Financial Statements
dbs-annual-report-2023-financial-statements.txt,Financial Statements
liquidity-coverage-ratio-2q-2018.txt,Financial Statements
gp-financial-3q-2019.txt,Financial Statements
Audited-Results-For-Year-Ended-31-Dec-2020.txt,Financial Statements
balance-sheets-31mar19.txt,Financial Statements
Financial-Highlights-For-Full-Year-2022-Results.txt,Financial Statements
balance-sheets-31mar18.txt,Financial Statements
gp-financial-3q-2018.txt,Financial Statements
liquidity-coverage-ratio-2q-2019.txt,Financial Statements
balance-sheets-30sep18.txt,Financial Statements
frsp-report_2016.txt,Financial Statements
gp-financial-2q-2020.txt,Financial Statements
unaudited-interim-financial-statements-300920.txt,Financial Statements
condensed-financial-statement-2q-2022.txt,Financial Statements
FSDF Financial Statement 2022.txt,Financial Statements
unaudited-interim-financial-statements-300923.txt,Financial Statements
Audited-Results-For-The-Year-Ended-31-Dec-2022.txt,Financial Statements
gp-financial-4q-2018.txt,Financial Statements
gp-financial-4q-2019.txt,Financial Statements
FSDF Financial Statement 2021.txt,Financial Statements
2. Financial-statements-SAMPLE.txt,Financial Statements
Audited-Results-Ended-31-Dec-2019.txt,Financial Statements
gp-financial-4q-2020.txt,Financial Statements
condensed-financial-statement-4q-2022.txt,Financial Statements
condensed-financial-statement-2q-2024-results.txt,Financial Statements
gp-financial-2q-2019.txt,Financial Statements
unaudited-interim-financial-statements-300919.txt,Financial Statements
financial-updates-3q-2020.txt,Financial Statements
apma200810_33-34sg.txt,Financial Statements
liquidity-coverage-ratio-3q-2018.txt,Financial Statements
Balance_sheets30Jun15.txt,Financial Statements
condensed-financial-statement-4q-2021.txt,Financial Statements
unaudited-interim-financial-statements-300924.txt,Financial Statements
gp-financial-2q-2018.txt,Financial Statements
investment-marketoutlook-2023.txt,Financial Statements
MS_article_thebeatoutlook2025.txt,Investment and Market Research
finanalysis_sample_reports.txt,Investment and Market Research
GS-Markets-Outlook-2025-Trading-Tails-and-Tailwinds.txt,Investment and Market Research
merrill-cio-weekly-letter.txt,Investment and Market Research
blackrock-bii-global-outlook-2025.txt,Investment and Market Research
"Macquerie_Global Outlook 2025_ Plan for growth, prepare for volatility - Report OTLK-REPORT-2025.txt",Investment and Market Research
BNY-2025-market-outlook-navigating-a-new-landscape.txt,Investment and Market Research
Guidance Notes on Acctg Std_POST FRG_FINAL_0.txt,Regulatory and Compliance
SISV-Valuation-Practice-Guide.txt,Regulatory and Compliance
Tenets of Effective Regulation.txt,Regulatory and Compliance
ABS Listings Due Diligence Guidelines_0.txt,Regulatory and Compliance
Enforcement Monograph Final Revised Apr 20221.txt,Regulatory and Compliance
Global Proxy Voting Policy - 2024.txt,Regulatory and Compliance
Guide to Internal Review on the Sustainability Report.txt,Regulatory and Compliance
income-tax-treatment-of-foreign-exchange-gains-or-losses-for-businesses-(fifth-edition).txt,Taxation
e-tax-guide_tax-treatment-on-appropriation-of-trading-stock-for-non-trade-or-capital-purposes-and-conversion-of-non-trade-or-capital-assets-to-trading-stock.txt,Taxation
e-tax-guide-mtt-and-dtt.txt,Taxation
etaxguide_filingincometaxcomputationsinnon-s-functional-currencies.txt,Taxation
etaxguides_cit_frs39_2015-03-16.txt,Taxation
e-tax-guide-on-mergers-and-acquisitions-scheme-(seventh-edition).txt,Taxation
etaxguides_iit_tax-framework-for-corporate-amalgamations-(fourth-edition).txt,Taxation
pillar3-disclosures-1q-2022.txt,Risk Management
pillar3-disclosures-2q-2017.txt,Risk Management
pillar3-disclosures-1q-2023.txt,Risk Management
Consultation Paper on Guidelines on Transition Planning Banks.txt,Risk Management
pillar3-disclosures-1q-2021.txt,Risk Management
money-laundering-and-terrorism-financing-risk-assessment-of-legal-persons.txt,Risk Management
pillar3-disclosures-1q-2020.txt,Risk Management
Directive 5.txt,Risk Management
MAS Notice 1005_29 Jun 2021.txt,Risk Management
pillar3-disclosures-1q-2018.txt,Risk Management
pillar3-disclosures-1q-2019.txt,Risk Management
Money Laundering National Risk Assessment.txt,Risk Management
Singapore’s National Money Laundering and Terrorist Financing Risk Assessment .txt,Risk Management
Guidelines on Outsourcing Banks.txt,Risk Management
MAS Notice 1005A_30 Jun 2021.txt,Risk Management
Compliance Toolkit for Merchant Banks Last Revised 12 September 2024.txt,Risk Management
Information Paper on Environmental Risk Management Banks.txt,Risk Management
FAQ - Notice on Cyber Hygiene.txt,Risk Management
dbs-annual-report-2023-risk-management.txt,Risk Management
MAS Framework for Impact and Risk Assessment of Financial Institutions.txt,Risk Management
regulatory-disclosures-pillar-3-disclosures-3q-2024.txt,Risk Management
FAQ for Notice 658 and 1121_11Dec2024.txt,Risk Management
pillar3-disclosures-3q-2017.txt,Risk Management
FAQ - Notice on Technology Risk Management.txt,Risk Management
pillar_3_global_sys_4q_2017.txt,Risk Management
MAS Notice 1121 - 4.txt,Risk Management
regulatory-disclosures-pillar-3-disclosures-q1-2024.txt,Risk Management
MAS Notice 1108 Cancellation.txt,Risk Management
Guidelines on Definition of a Deposit_01 Jul 2021.txt,Risk Management
pillar3-disclosures-1q-2019 (1).txt,Risk Management
Outsourcing Guidelines_Jul 2016 revised on 5 Oct 2018.txt,Risk Management
pillar3-disclosures-3q-2023.txt,Risk Management
pillar3-disclosures-3q-2022.txt,Risk Management
Board-and-Senior-Mgmt_01 Jul 2021.txt,Risk Management
pillar3-disclosures-3q-2020.txt,Risk Management
ocbc_risk-management.txt,Risk Management
2024-money-laundering-risk-assessment-report.txt,Risk Management
pillar3-disclosures-3q-2021.txt,Risk Management
Response to Consultation Paper on Management of Outsourced Relevant Services.txt,Risk Management
pillar3-disclosures-3q-2019.txt,Risk Management
Guidelines on Risk Management Practices  Internal Controls July 2024.txt,Risk Management
pillar3-disclosures-3q-2018.txt,Risk Management
MAS Notices 644 655 644A 655A 1114 1118 Cancellation 2024.txt,Risk Management
Credit Risk.txt,Risk Management
ssa-315-(revised-august-2021).txt,Risk Management
Monograph - MAS Framework for Impact and Risk Assessment_revised Nov 2023.txt,Risk Management
Guidelines on Environmental Risk Management for Banks.txt,Risk Management
blue_book_wholesale.txt,Risk Management
pillar3-disclosures-2q-2022.txt,Risk Management
Consumer Credit Report_Updated_30_Oct_2024.txt,Risk Management
MAS NOTICE 1004_11062021.txt,Risk Management
MAS Notice FSM-N11.txt,Risk Management
risk-management.txt,Risk Management
pillar3-disclosures-2q-2020.txt,Risk Management
pillar3-disclosures-2q-2021.txt,Risk Management
MAS Notice 1015 effective 01 July 2024.txt,Risk Management
8 Credit Facilities and Limits 01 Nov 1985.txt,Risk Management
pillar3-disclosures-4q-2022.txt,Risk Management
pillar3-disclosures-2q-2023-results.txt,Risk Management
pillar3-disclosures-2q-2019.txt,Risk Management
pillar3-disclosures-2q-2018.txt,Risk Management
TRM Guidelines 18 January 2021.txt,Risk Management
regulatory-disclosures-pillar-3-disclosures-q2-2024.txt,Risk Management
7 Credit Facilities to Directors Related Corporations etc 01 Nov 1985.txt,Risk Management
pillar3-disclosures-4q-2021.txt,Risk Management
BCM-Guidelines-June-2022.txt,Risk Management
pillar3-disclosures-4q-2020.txt,Risk Management
2021-pmp-public-reportb51281ca53314f4983b0cbda8b870776.txt,Audit Reports
auditors-report–2023.txt,Audit Reports
2015pmppublicreport.txt,Audit Reports
acra10thpmpreport.txt,Audit Reports
pmp-report-2022.txt,Audit Reports
2020-pmp-public-report.txt,Audit Reports
11th_pmp_report_2017.txt,Audit Reports
Audited-Results-For-Year-Ended-31-Dec-2021.txt,Audit Reports
Auditor_s-Report-2022.txt,Audit Reports
2019-pmp-public-report.txt,Audit Reports
independent-auditors-report (1).txt,Audit Reports
audit-regulatory-report-2023.txt,Audit Reports
Auditor_s-Report-2020.txt,Audit Reports
practicemonitoringprogramme_12thpublicreport2018.txt,Audit Reports
Auditor_s-Report-2019.txt,Audit Reports
audit-regulatory-report-2024.txt,Audit Reports
MAS 1106A 2023_04.txt,Consumer Finance
schedules-to-client-agreement.txt,Consumer Finance
2021-06-28 Notice 1106B_COVID_LTV.txt,Consumer Finance
Compliance Toolkit for Merchant Banks Last Revised 12 September 2024.txt,Consumer Finance
Notice 1109 Unsecured Credit Facilities to Individuals_1 Jul 2021.txt,Consumer Finance
Notice 1107 Bridging Loans for the Purchase of Immovable Properties_1 Jul 2021.txt,Consumer Finance
MAS Notice 1115_TDSR_290922.txt,Consumer Finance
2021-06-28 MAS Notice 1106.txt,Consumer Finance
MAS Notice 1113 Motor Vehicle Loans - Merchant Bank_1 July 2021.txt,Consumer Finance
2021-06-28 Notice 1115A_COVID_TDSR.txt,Consumer Finance
Practice Bulletin_ Assessment of Internal Audit Function.txt,Financial Regulations
MAS-SGX Trade Surveillance Practice Guide.txt,Financial Regulations
Guidelines to MAS Notice SFA02-N05  January 2025.txt,Financial Regulations
corporate-governance.txt,Financial Regulations
uobaminvest_termsandconditions.txt,Financial Regulations
Code of Corporate Governance Disclosure Guide.txt,Financial Regulations
Guidelines for regulated dealers_Annexes_20240502_v4.0.txt,Financial Regulations
Guidelines on Individual Accountability and Conduct.txt,Financial Regulations
Guidelines_Regulation_of_Markets.txt,Financial Regulations
IFA - SGX Guide (final).txt,Financial Regulations
Guidance Note on Change of Auditors_0.txt,Financial Regulations
Guidelines on Provision of Consumer Protection Safeguards by Digital Payment Token Service Providers.txt,Financial Regulations
pwc-tob-eng.txt,Financial Regulations
Guidance Note on Financial Statements Disclosure_0.txt,Financial Regulations
audit-regulatory-report-2024.txt,Financial Regulations
SFLCBReg.txt,Financial Regulations
The Singapore Guide to Conduct and Market Practices for the Wholesale Financial Markets.txt,Financial Regulations
Guidance-Countering-Proliferation-Financing.txt.coredownload.txt,Anti Money Laundering
Guidance on AML CFT Controls in Trade Finance and Correspondent Banking.txt,Anti Money Laundering
Notice PSN01 dated 2 April 2024.txt,Anti Money Laundering
MANEXT 1 2012 Cancellation Notice.txt,Anti Money Laundering
legal-persons-misuse-typologies-and-best-practice.txt,Anti Money Laundering
rfa-guidelines_v2-4_13-jan-2023.txt,Anti Money Laundering
acip-best-practices-for-the-management-of-ml-tf-and-pf-risks-from-customer-relationships-with-a-nexus-to-digital-assets_100723-(publish).txt,Anti Money Laundering
MAS Notice 626 last revised on 1 March 2022.txt,Anti Money Laundering
Compliance Toolkit for Merchant Banks Last Revised 12 September 2024.txt,Anti Money Laundering
COSMIC Notice Mar 2024 - Final.txt,Anti Money Laundering
Circular - Non-Face-to-Face Customer Due Diligence Measures-1.txt,Anti Money Laundering
Guidance to Capital Markets Intermediaries on Enhancing AMLCFT Frameworks and Controls.txt,Anti Money Laundering
MAS Notice PSN10  Exempt Payment Service Providers Tracked.txt,Anti Money Laundering
BCBS Guidelines for AMLCFT June 2017.txt,Anti Money Laundering
Guidance for Effective AML CFT Transaction Monitoring Controls.txt,Anti Money Laundering
6. MAS Anti-Money Laundering (AML) Reports.txt,Anti Money Laundering
Guidelines to PSN01 dated 2 April 2024.txt,Anti Money Laundering
Notice PSM-N01 dated 1 March 2022-1.txt,Anti Money Laundering
Circular on MyInfo and CDD on NFTF business relations.txt,Anti Money Laundering
MAS Notice 1014 last revised on 1 March 2022.txt,Anti Money Laundering
Guidelines for Financial Institutions to Safeguard the Integrity of Singapores Financial System  Sep 2011.txt,Anti Money Laundering
MAS Notice PSN10 - Exempt Payment Service Providers.txt,Anti Money Laundering
626 Banks_GCO vetted.txt,Anti Money Laundering
Effective Practices to Detect and Mitigate the Risk from Misuse of Legal Persons June 2019.txt,Anti Money Laundering
best-practices-for-countering-trade-based-money-laundering.txt,Anti Money Laundering
Industry Perspectives  Adopting Data Analytics Methods for AMLCFT.txt,Anti Money Laundering
Infographic on Effective AMLCFT Transaction Monitoring Controls.txt,Anti Money Laundering
Guidelines to MAS Notice 1014  November 2015.txt,Anti Money Laundering
singapore-cyber-landscape-2023.txt,Technology
5f57eed0d983f9acc1ca0af0_360Alumni API Documentation.txt,Technology
US-SDLCM-ML022610501.txt,Technology
TR2024_Full-Report_FINAL_LINKED.txt,Technology
Network Security-Proposals.txt,Technology
Cyber-Security-Reports-2023-01-01.txt,Technology
mom_sb_mw.txt,Loans
Guarantee to Bank.txt,Loans
mom_sb.txt,Loans
k-Non-Project-AC-1st-party-LOAN-AGREEMENT-LL-CL-DCL_Jan24.txt,Loans
Phoenix Capital and Adamantium Capital Loan Agreement.txt,Loans
credit_facilities.txt,Loans
se-asia-ma-due-diligence-checklist-2020-07-22.txt,Mergers and Acquisitions
LexologyGTDTPrivateMergersandAcquisitions2023Singaporechapter.txt,Mergers and Acquisitions
mpdf.txt,Mergers and Acquisitions
abs_listings_due_iligence_guidelines.txt,Mergers and Acquisitions
transaction-trail-annual-report-2021.txt,Mergers and Acquisitions
public-mergers-and-acquisitions-in-singapore-overview.txt.txt,Mergers and Acquisitions
049_SINGAPORE-L-P.txt,Mergers and Acquisitions
Due-Diligence-for-Private-Acquisitions-in-Singapore.txt,Mergers and Acquisitions
pwcderivativesguide0324.txt,Derivatives
Legal-Guidelines-for-Smart-Derivatives-Contracts-ISDA-Master-Agreement.txt,Derivatives
Guidelines to the Securities and Futures Reporting of Derivatives Contracts Regulations.txt,Derivatives
"Derivatives markets, products and participants.txt",Derivatives
otc_hy1605.txt,Derivatives
FAQs on the Securities and Futures Reporting of Derivatives Contracts Regulations 2013 15 Feb 2024 3.txt,Derivatives
Sample Employment Contract.txt,Employment
Standard-Employment-Agreement.txt,Employment
SG-MOM-workright-employers-toolkit-2022.txt,Employment
SG-MOM-workright-guide-employment-laws.txt,Employment
Employment-Contract-Agreement.txt,Employment
SG-Employment Act 1968.txt,Employment
EC.txt,Employment
IMDA MODEL CONFIDENTIALITY AGREEMENT.txt,Non-Disclosure Agreements (NDA)
Employee-Non-Disclosure-Agreement-NDA.txt,Non-Disclosure Agreements (NDA)
VIMA - Model Non-Disclosure Agreement (22.11.2019).doc_ver=2020-02-18-121905-533.txt,Non-Disclosure Agreements (NDA)
NDA+FichePrésentation.txt,Non-Disclosure Agreements (NDA)
Basic-Non-Disclosure-Agreement.txt,Non-Disclosure Agreements (NDA)
GEL-NDA.txt,Non-Disclosure Agreements (NDA)
The_Singapore_Code_on_Take_Overs_and_Merger_24 January 2019.txt,Partnerships
5891-european-union-and-argentina-transition-mineral-agreement-2023.txt,Partnerships
DigitalWorld & Trump M&A.txt,Partnerships
capitalxtend-client-agreement-v10-28112023.txt,Client Agreements
2002-isda-ma.txt,Client Agreements
CFRP23Feb.txt,Client Agreements
agreement.txt,Client Agreements
MEPSplus Svc Agreement_wef 8 Feb 2021_v2.txt,Client Agreements
Insti Client Agreement (cse166-180222) (GL190722).txt,Client Agreements
E-StatementsTnC.txt,Client Agreements
Master Trading Agreement.txt,Client Agreements
general_terms_and_conditions.txt,Client Agreements
ian de vaz_due diligence.txt,Client Agreements
uob-bib-service-agreement.txt,Client Agreements
introducing-the-next-gen-operating-model.txt,Strategic
Market Entry Strategies for PRC.txt,Strategic
bcg-infrastructure-strategy-2024-creating-value-through-operational-excellence-mar-2024.txt,Strategic
1-s2.0-S0959652612004234-main.txt,Strategic
BCG_Designing_the_Corporate_Center_May_2013_tcm9-97479.txt,Strategic
deloitte-sea-strategy-services-brochure-noexp.txt,Strategic
IJISRT24AUG1426.txt,Strategic
BB_Strategies_for_growth.txt,Strategic
BCG-Your-Capabilities-Need-a-Strategy-Mar-2019_tcm9-215825.txt,Strategic
Achieving_full_potential_through_strategies_work.txt,Strategic
BAIN_BOOK_Management_Tools_2017.txt,Strategic
monthly-timesheet-template.txt,Administrative
Sample-Employee-Handbook.txt,Administrative
UH Onboarding Manual.txt,Administrative
netflix_culture.txt,Administrative
MGIC-USA-Procurement---Standard-Operating-Procedure-March-2023.txt,Operational
NUS-SOP-Medicine-25 office safety.txt,Operational
sgsecure-guide-for-workplaces.txt,Operational
PA00JM8D.txt,Operational
sg-MAS-BCM-Guidelines-June-2022.txt,Operational
sg-cass-ac121-2-3(rev-0)-sop-for-flight-crew-members.txt,Operational
us_osha_standard_operating_procedures.txt,Operational
nucats-overview-of-sops.txt,Operational
jpm_sop.txt,Operational